{
  "region": "ap-southeast-1",
  "profile": "hoanganh",
  "configuration": "Release",
  "framework": "net8.0",
  "function-name": "UrlShortenerFunction",
  "function-description": "",
  "package-type": "Zip",
  "function-handler": "UrlShortener",
  "function-memory-size": 512,
  "function-role": "arn:aws:iam::262232992721:role/service-role/UrlShortenerFunction-role-tw12xkkt",
  "function-timeout": 15,
  "function-runtime": "dotnet8",
  "function-architecture": "x86_64",
  "function-subnets": "",
  "function-security-groups": "",
  "tracing-mode": "PassThrough",
  "environment-variables": "",
  "image-tag": ""
}